Actor,Domestic and Global Gross,Opening Weekend Gross,ROI,Awards and Nominations,Reviews,Festival Recognition,Social Media Followers,Google Trends,Fan Following,Director Collaborations,Role Diversity,Franchise Appearances,Draw Factor,Screen Presence,Cultural Impact,Viewership Numbers,Subscriber Impact,Brand Endorsements,Merchandise Influence,Media Sentiment,Longevity (Years),Versatility
Actor 1,120000,100,0.1,6,4,1,1000000,21,248671,7,Diverse,1,7.6,Moderate,Significant,4052340,8793,0,438563,Neutral,1,Medium
Actor 2,15000,200,0.15,4,5,1,1000000,41,405774,4,Moderate,5,2.3,Low,None,2678750,28747,14,168684,Positive,21,Medium
Actor 3,400000,600,0.2,8,2,4,4000000,83,687353,4,Diverse,3,6.6,Moderate,Some,105949,76717,6,22084,Negative,1,Low
Actor 4,6100000,500,0.25,8,8,1,1000000,100,134647,10,Basic,2,2.0,Moderate,None,3005585,28407,1,4434,Positive,3,Low
Actor 5,5200000,1400,0.3,7,1,4,5000000,47,156215,4,Basic,1,7.9,Moderate,None,1978849,95982,5,429796,Neutral,26,High
Actor 6,300000,50,0.35,2,4,1,1000000,77,743476,5,Diverse,5,3.0,High,Significant,338988,58456,6,283004,Negative,24,High
Actor 7,525000,800,0.4,21,7,1,500000,83,730099,5,Moderate,5,5.1,Moderate,Some,3536298,68086,12,469612,Positive,28,Medium
Actor 8,1250000,900,0.45,44,5,0,9000000,10,28672,8,Basic,3,4.2,High,None,921889,25898,1,54730,Positive,10,High
Actor 9,300000,700,0.5,7,6,4,7000000,59,402717,2,Moderate,1,2.9,Low,Significant,3406255,92344,12,427316,Neutral,24,High
